Workbook
Name _: #N/A
Name ___EPS2: #REF!
Name __DAT14: #REF!
Name __DemandLoad: TRUE
Name __EPS2: #REF!
Name __G79999: #REF!
Name __G99998: [3]임대!#REF!
Name __G99999: #REF!
Name __N84081: #REF!
Name __N94081: #REF!
Name _10: #N/A
Name _100P4_: #N/A
Name _101P5_: #N/A
Name _102P6_: #N/A
Name _10320: #N/A
Name _103P7_: #N/A
Name _10B00__27__.DATABASEUPLOAD: #N/A
Name _10T1: #N/A
Name _10T2: #N/A
Name _118y23_: '[2]2500'!#REF!
Name _11B00__3__.DATABASEUPLOAD: #N/A
Name _12_31_97: #N/A
Name _12_31_98: #N/A
Name _12_31_99: #N/A
Name _12B00__4__.DATABASEUPLOAD: #N/A
Name _13B00__40__.DATABASEUPLOAD: #N/A
Name _14B00__44__.DATABASEUPLOAD: #N/A
Name _15A: #N/A
Name _15B00__45__.DATABASEUPLOAD: #N/A
Name _16B00__46__.DATABASEUPLOAD: #N/A
Name _17B00__48__.DATABASEUPLOAD: #N/A
Name _18B00__5__.DATABASEUPLOAD: #N/A
Name _1999_01_29: #N/A
Name _19B00__50__.DATABASEUPLOAD: #N/A
Name _1B: #N/A
Name _1B00__10__.DATABASEUPLOAD: #N/A
Name _1C: #N/A
Name _1D: #N/A
Name _1E: #N/A
Name _1F: #N/A
Name _1G: #N/A
Name _1H: #N/A
Name _1I: #N/A
Name _1J: #N/A
Name _1K: #N/A
Name _1S: #N/A
Name _2: #N/A
Name _2000년_하반기_계획: [1]IS!$J$7:$J$35
Name _20B00__51__.DATABASEUPLOAD: #N/A
Name _20T1: #N/A
Name _20T2: #N/A
Name _20세기상사: [2]INDEX!#REF!
Name _21B00__57__.DATABASEUPLOAD: #N/A
Name _22B00__6__.DATABASEUPLOAD: #N/A
Name _23B00__60__.DATABASEUPLOAD: #N/A
Name _24B00__61__.DATABASEUPLOAD: #N/A
Name _25B00__62__.DATABASEUPLOAD: #N/A
Name _26B00__7__.DATABASEUPLOAD: #N/A
Name _27B00__8__.DATABASEUPLOAD: #N/A
Name _28B00__9__.DATABASEUPLOAD: #N/A

Sheet 기본입력사항
A1: 7210 부문감사인 그룹감사지침서의 기본입력사항
A3: 기본입력항목 | B3: 기본입력내용(국문) | C3: 기본입력내용(영문)
A4: 지배기업명 | B4: ABC주식회사 | C4: ABC Compony
A5: 지배기업 회계연도 개시일 | B5: 43101
A6: 지배기업 회계연도 종료일 | B6: 43465
A7: 부문감사인명 | B7: XX회계법인 | C7: XX accounting corporation
A8: 감사지침서일 | B8: 43342
A9: 부문명 | B9: 가나다주식회사 | C9: GANADA compony
A10: 부문 회계연도 개시일 | B10: 43101
A11: 부문 회계연도 종료일 | B11: 43465
A12: 해당부문 전체중요성(백만원) | B12: 400
A13: 해당부문 경미한왜곡표시사항에 대한 기준치(백만원) | B13: 5
A14: 후속사건검토요청일 | B14: 43524
A16: * 본 시트는 기본입력사항을 입력하는 시트로서 출력하여 조서화하는 시트가 아닙니다.

Sheet 7210
A6: 7410 부문감사인에 대한 그룹감사지침서
A8: 지배기업명 : | B8: =기본입력사항!B4 -> ABC주식회사
A9: 회계연도 : | B9: =TEXT(기본입력사항!B5,"yyyy년 m월 d일")&"부터 "&TEXT(기본입력사항!B6,"yyyy년 m월 d일")&"까지" -> 2018년 1월 1일부터 2018년 12월 31일까지
A12: =기본입력사항!B7 -> XX회계법인 | B12: 귀중
D13: =기본입력사항!B8 -> 43342
A14: 삼가 귀 감사인의 무궁한 번영을 기원합니다.
A16: ="당 법인은 "&B8&"와 그 종속기업 (이하 ‘그룹’)의 "&TEXT(기본입력사항!B6,"yyyy년 m월 d일")&"로 종료되는 회계연도의 별도재무제표 및 연결재무제표에 대한 회계감사를 수행하고 있습니다." -> 당 법인은 ABC주식회사와 그 종속기업 (이하 ‘그룹’)의 2018년 12월 31일로 종료되는 회계연도의 별도재무제표 및 연결재무제표에 대한 회계감사를 수행하고 있습니다.
A17: 당 법인은 그룹의 본 감사와 관련하여 주식회사등의외부감사에관한법률 제21조 2항 및 대한민국의 회계감사기준 600 문단 40과 41에 따라, 그룹의 재무제표에 중요하게 영향을 미치는 부문인 (부문명) (이하 ‘부문’)에 대하여 첨부된 그룹감사지침서를 준수하여 감사절차를 수행할 것을 귀 법인에 요청드립니다. 귀 법인이 감사한 부문의 재무제표는 그룹의 연결재무제표 작성에 이용될 것입니다.
A18: =TEXT(기본입력사항!B6,"yyyy년 m월 d일")&"로 종료하는 회계연도에 대한 지배기업과 그 종속기업에 대한 연결재무제표 감사를 위한 "&YEAR(기본입력사항!B6)&"회계연도 그룹감사지침서를 첨부하였습니다. 그룹감사지침서 내의 모든 사항과 요청자료 양식을 숙독하시기 바라며, 첨부된 제출기한을 준수하여 당 법인이 요청한 사항을 제출해 주시기 바랍니다." -> 2018년 12월 31일로 종료하는 회계연도에 대한 지배기업과 그 종속기업에 대한 연결재무제표 감사를 위한 2018회계연도 그룹감사지침서를 첨부하였습니다. 그룹감사지침서 내의 모든 사항과 요청자료 양식을 숙독하시기 바라며, 첨부된 제출기한을 준수하여 당 법인이 요청한 사항을 제출해 주시기 바랍니다.
A20: 다음과 같은 사항이 있는 경우 즉시 담당공인회계사에게 연락주십시오.
A21: 담당 공인회계사 | B21: 전화번호 | C21: 팩스 | D21: 이메일
A24: 주소
A26: ●그룹감사지침서 내용 중 의문사항이 있는 경우
A27: ●해결 불가능한 사유의 발생으로 인하여 첨부된 제출기한을 준수할 수 없는 경우
A28: ●감사와 관련된 구체적 절차에 대한 변경의 필요성이 있는 경우
A29: ●예상되는 회계, 재무보고 및 감사에 관한 유의적 사항, 중대한 내부통제 취약점 및 부정의 징후가 발견된 경우 등 그룹감사인의 주의를 요하는 사항이 발견된 경우
A30: ●그룹감사지침서에 언급된 독립성 고려사항에 대한 검토나 적절한 사전승인 없이 수행된 서비스가 있는 경우
A31: ●적정의견을 도출할 수 없는 상황이 발생한 경우
A32: 귀 법인의 협조에 감사드립니다. 문의사항이나 제안사항이 있으면 상기 명기된 담당자에게 즉시 연락주십시오.
C33: Y Y 회 계 법 인
C34: 대표이사
A36: 일반사항
A37: 본 그룹감사지침서가 적용되는 업무에 관한 일반사항은 다음과 같습니다.
A39: (1) 그룹에 관한 정보
A40: 그룹명 | B40: =기본입력사항!B4&"와 그 종속기업" -> ABC주식회사와 그 종속기업
A41: 그룹의 사업내용
A42: 특수관계자 목록
A46: (기타사항: 전기대비 사업의 주요 변동내역 등)
A51: (2) 귀 법인의 업무범위
A52: 부문명 | B52: =기본입력사항!B9 -> 가나다주식회사
A53: 재무보고체계 | B53: 선택(Y/N)
B54: Y/N | C54: 한국채택국제회계기준
B55: Y/N | C55: 일반기업회계기준
B56: Y/N | C56: 그룹회계정책
B57: Y/N | C57: 기타
A58: 회계감사기준 | B58: Y/N | C58: 대한민국의 회계감사기준
B59: Y/N | C59: 기타
A60: 대상 회계연도 | B60: =TEXT(기본입력사항!B10,"yyyy년 m월 d일")&"부터 "&TEXT(기본입력사항!B11,"yyyy년 m월 d일")&"까지" -> 2018년 1월 1일부터 2018년 12월 31일까지
A61: 업무유형 | B61: 감사 (*1)
A62: 상세 업무유형 | B62: 선택(Y/N)
B63: Y/N | C63: 그룹에 대한 보고패키지 감사
B64: Y/N | C64: 부문재무제표에 대한 법정감사
B65: Y/N | C65: 기타 ( )
A66: 중요성금액(백만원) | B66: 전체 중요성
B67: 경미한 왜곡표시사항에 대한 기준치
A68: 후속사건 검토요청일 | B68: =기본입력사항!B14 -> 43524
A70: (3) 요청자료 및 제출기한
A71: 상기사항에 대하여 귀 법인에 요청드리는 사항 및 제출기한은 다음과 같습니다. 상세한 내용은 각 요청자료를 참고 부탁드립니다.
A72: 구분 | B72: 제출기한 | C72: 문서번호
A73: 그룹감사지침서 수령 및 독립성준수 확인서 | B73: 수령하는 즉시 | C73: 요청자료 1
A74: 부문감사인에 대한 업무수행지시사항 및 결과표 | B74: 20 년 월 일 | C74: 요청자료 2
A75: 감사를 수행한 그룹 보고패키지(*2) | B75: 20 년 월 일 | C75: 요청자료 3
A76: 그룹 보고패키지에 대한 감사의견(*2) | B76: 20 년 월 일 | C76: 요청자료 4
A77: =TEXT(B68,"yyyy년 m월 d일")&"까지의 후속사건에 대한 검토(*3)" -> 2019년 2월 28일까지의 후속사건에 대한 검토(*3) | B77: 20 년 월 일 | C77: 요청자료 5
A79: ※ 작성요령 :
A80: *1. 부문재무제표에 대한 감사 이외에 다음의 절차가 수행될 수 있습니다. 단, 이때는 업무범위에 대한 명확한 서술이 필요합니다.
A81: ●특정 계정잔액, 거래유형 또는 공시에 대한 감사
A82: ●특정 감사절차
A83: *2. 감사계획시에 다음을 충족하여 부문감사인의 업무를 부문재무제표에 대한 법정감사로 대체하기로 결정한 경우에는 생략할 수 있습니다.
A84: ●그룹재무제표에 대한 감사와 동일한 재무보고체계, 회계감사기준 사용
A85: ●그룹감사보고서 일자 이내에 부문감사보고서 완료
A86: ●부문재무제표에 대한 감사수행시 중요성 기준이 그룹 중요성기준 충족 (부문중요성은 그룹의 전체 중요성보다 낮아야 한다.)
A87: *3. 후속사건의 검토가 필요한 기간을 지정하여야 합니다. 요청자료 5 참조
A91: [요청자료 1]
A92: 그룹감사지침서 수령 및 독립성준수 확인서
A94: YY회계법인 귀중
C95: 20 년 월 일
A96: ="본 서한은 "&기본입력사항!B4&"와 그 종속기업(이하 ‘그룹’)의 "&TEXT(기본입력사항!B6,"yyyy년 m월 d일")&"로 종료된 보고기간의 연결재무제표가 "&TEXT(기본입력사항!B6,"yyyy년 m월 d일")&" 현재의 연결실체의 재무상태와 동일로 종료된 보고기간의 재무성과 및 현금흐름을 그룹감사지침서에 따라 중요성의 관점에서 적정하게 표시하고 있는지에 대한 의견표명을 위해 귀 감사인이 수행하고 있는 지배기업의 연결재무제표에 대한 감사와 관련하여 제공하는 것입니다." -> 본 서한은 ABC주식회사와 그 종속기업(이하 ‘그룹’)의 2018년 12월 31일로 종료된 보고기간의 연결재무제표가 2018년 12월 31일 현재의 연결실체의 재무상태와 동일로 종료된 보고기간의 재무성과 및 현금흐름을 그룹감사지침서에 따라 중요성의 관점에서 적정하게 표시하고 있는지에 대한 의견표명을 위해 귀 감사인이 수행하고 있는 지배기업의 연결재무제표에 대한 감사와 관련하여 제공하는 것입니다.
A97: ="우리는 "&TEXT(기본입력사항!B11,"yyyy년 m월 d일")&"로 종료된 보고기간의 "&기본입력사항!B9&"의 재무정보에 대하여 기술된 업무를 수행하여 주도록 요청한 귀 감사인의 "&YEAR(D13)&"년 "&MONTH(D13)&"월 "&DAY(D13)&"일자 지침서를 수령하였음을 확인합니다." -> 우리는 2018년 12월 31일로 종료된 보고기간의 가나다주식회사의 재무정보에 대하여 기술된 업무를 수행하여 주도록 요청한 귀 감사인의 2018년 8월 30일자 지침서를 수령하였음을 확인합니다.
A99: 우리는 다음 사항을 확인합니다.
A100: 1.귀 감사인이 발송한 그룹감사지침서는 지시사항을 명확히 기술하고 있으며, 우리는 이를 충분히 이해하였습니다. 우리는 해당 지시사항을 준수할 것을 확인합니다.
A101: ="2. "&기본입력사항!B9&"의 재무정보는 그룹의 연결재무제표에 포함될 것임을 알고 있습니다." -> 2. 가나다주식회사의 재무정보는 그룹의 연결재무제표에 포함될 것임을 알고 있습니다.
A102: 3.우리는 귀 감사인에게 협조할 것이며, 귀 감사인이 관련 감사문서에 접근할 수 있도록 할 것입니다.
A103: 4.우리가 수행하도록 요청한 업무와 관련하여, 귀감사인은 관여할 필요가 있는지 고려할 수 있습니다.
A104: 5.귀 감사인은 그룹의 연결재무제표에 대한 감사를 위하여 우리의 업무를 평가할 것이며, 만약 적합하다고 판단되면 이를 활용할 계획임을 알고 있습니다.
A105: 6.우리는 연결재무제표의 감사에서 우리의 책임을 수행하는 데 충분하게 대한민국의 회계감사기준 및 공인회계사 윤리기준을 이해하고 있으며, 이를 준수할 것입니다. 특히 그룹 내 기타 부문에 대하여 대한민국의 회계감사기준 및 공인회계사 윤리기준이 요구하는 독립성을 유지하고 있습니다.
A106: 7.우리는 연결재무제표의 감사에서 우리의 책임을 수행하는 데 충분하게 회계감사기준을 이해하고 있으며, 동 기준에 따라 종속/관계기업의 재무정보에 대한 업무를 수행할 것입니다.
A107: 8.우리는 그룹재무제표의 감사에서 우리의 책임을 수행하는 데 충분하게 한국채택국제회계기준 (혹은 일반기업회계기준)을 이해하고 있습니다.
A108: =기본입력사항!B9&"의재무정보에대한업무를수행하는동안상기진술에변동사항이발생하는경우우리는이를귀감사인에게통지할것입니다." -> 가나다주식회사의재무정보에대한업무를수행하는동안상기진술에변동사항이발생하는경우우리는이를귀감사인에게통지할것입니다.
C109: =A12 -> XX회계법인
C110: 주소
C111: 담당이사 서명
C112: 일자
A115: [요청자료 2]
A116: 부문감사인에 대한 업무수행지시사항 및 결과표
A118: YY회계법인 귀중 | C118: 20 년 월 일
A120: 지시사항 (그룹감사인 작성) | C120: 수행결과(부문 감사인 작성)
A121: 1.업무수행대상 및 기준의 준수 | C121: 해당사항 선택 (Y/N)
A122: ="귀 법인은 "&기본입력사항!B9&"의 재무정보에 대하여 그룹감사지침서에 따라 감사를 수행하였음을 확인 부탁드립니다." -> 귀 법인은 가나다주식회사의 재무정보에 대하여 그룹감사지침서에 따라 감사를 수행하였음을 확인 부탁드립니다. | C122: Y/N | D122: 좌기와 같이 수행하였습니다.
C123: Y/N | D123: 좌기와 상이하게 수행하였습니다 (상이점기술)
A124: 2.중요성
A125: 2-1.귀 법인이 본 업무를 수행함에 있어 적용할 중요성 기준은 본 그룹감사지침서 일반사항에 기재된 바에 따라 적용하였음을 확인 부탁드립니다. | C125: Y/N | D125: 좌기와 같이 수행하였습니다.
C126: Y/N | D126: 좌기와 상이하게 수행하였습니다 (상이점기술)
A127: 2-2.종속/관계기업에서 발생한 재무제표의 미수정왜곡표시금액이 개별적으로 또는 합산하여 경미한 왜곡표시사항에 대한 기준치금액(*)을 초과하는 경우, 기재 바랍니다. | C127: Y/N | D127: 해당사항 없습니다.
C128: Y/N | D128: 좌기금액을 초과하는 미수정왜곡표시사항은 다음과 같습니다 .
A129: (*) 경미한 왜곡사항에 대한 기준치금액 일반사항 참조
A130: 미수정왜곡표시내용
A131: 왜곡표시내용 | B131: 차변 | C131: 대변
A132: 1 | B132: 계정과목명 / 차변금액 | C132: 계정과목명 / 대변금액
A133: 2
...
