Workbook

Sheet 기본입력
A1: 7410E 부문감사인 그룹감사지침서(영문)의 기본입력사항
A3: 기본입력항목 | B3: 기본입력내용(국문) | C3: 기본입력내용(영문)
A4: 지배기업명(name of parent entity) | B4: ABC주식회사 | C4: ABC Compony
A5: 지배기업 회계연도 개시일 | B5: 43101
A6: 지배기업 회계연도 종료일 | B6: 43465
A7: 부문감사인명 | B7: XX회계법인 | C7: XX accounting corporation
A8: 감사지침서일 | B8: 43342
A9: 부문명(name of component) | B9: 가나다주식회사 | C9: GANADA compony
A10: 부문 회계연도 개시일 | B10: 43101
A11: 부문 회계연도 종료일 | B11: 43465
A12: 해당부문 전체중요성(백만원) | B12: 400
A13: 해당부문 경미한왜곡표시사항에 대한 기준치(백만원) | B13: 5
A14: 후속사건검토요청일 | B14: 43524
A16: * 본 시트는 기본입력사항을 입력하는 시트로서 출력하여 조서화하는 시트가 아닙니다.

Sheet 7410E
A6: 7410E Group Audit Letter of Instruction
A8: Parent Entity Name: | C8: =기본입력!C4 -> ABC Compony
A9: Fiscal Year : | C9: ="the yeat ended "&TEXT(기본입력!B6,"mmm d, yyyy") -> the yeat ended Dec 31, 2018
A12: ="Dear "&기본입력!C7&":" -> Dear XX accounting corporation:
A13: =TEXT(기본입력!B8,"mmm d,yyyy") -> Aug 30,2018
A15: ="We are pleased to inform you that we would like your firm to participate in the audit of "&기본입력!C4&" for the year ending "&TEXT(기본입력!B5,"mmm d,yyyy")&". The nature and extent of your participation is explained in the group audit instructions attached to this letter. Please make the necessary arrangements to perform this work. " -> We are pleased to inform you that we would like your firm to participate in the audit of ABC Compony for the year ending Jan 1,2018. The nature and extent of your participation is explained in the group audit instructions attached to this letter. Please make the necessary arrangements to perform this work.
A17: ="We require you to perform the specified work on the financial information of "&기본입력!C9&" for the year ended "&TEXT(기본입력!B11,"mmm d,yyyy")&" by complying with our instructions. The work you will perform on your component will form part of the audit of the group financial statements of "&기본입력!C4 -> We require you to perform the specified work on the financial information of GANADA compony for the year ended Dec 31,2018 by complying with our instructions. The work you will perform on your component will form part of the audit of the group financial statements of ABC Compony
A19: Please refer to the attached group audit instructions and the related appendices for details on the nature, timing and extent of the work requested of your office. We would be grateful if you provide us with responses as requested in this letter on a timely basis.
A21: During planning, performance or completion of the audit, please communicate with us immediately if:
A23: Instructions are not fully understood,
A24: Timing of the work creates an irresolvable problem,
A25: It is necessary to vary procedures from those specified,
A26: You become aware of events, transactions that may have a significant impact on the component or other members of the affiliated group (e.g., instances of fraud, significant changes to the level of control reliance, illegal acts, etc).
A27: Services have been performed without the appropriate pre-approvals or consideration of the independence matters discussed in the group audit instructions,
A28: Circumstances arise that may result in an opinion other than one of those presented in the appendices (including a modification for a scope limitation or qualification),
A30: Please contact the Group Engagement Team before any additional procedures on intercompany are performed locally.
A31: Name | B31: Telephone | C31: Fax number | D31: E-mail
A34: Address
A37: ="Please do not hesitate to contact us should you have any question concerning these instructions or any other matter concerning the audit of "&기본입력!C4&"." -> Please do not hesitate to contact us should you have any question concerning these instructions or any other matter concerning the audit of ABC Compony.
A39: Yours faithfully,
G42: YY Accounting Corporation
G43: [Name of Group Engagement Leader]
A45: General Instruction
A47: =CONCATENATE("YY accounting corporaion has been engaged to audit the group financial statements of ",기본입력!C4," as of and for the year ending ",TEXT(기본입력!B6,"mmm d,yyyy"),", in accordance with [indicate applicable financial reporting framework e.g. IFRS as issued by the International Accounting Standards Board].") -> YY accounting corporaion has been engaged to audit the group financial statements of ABC Compony as of and for the year ending Dec 31,2018, in accordance with [indicate applicable financial reporting framework e.g. IFRS as issued by the International Accounting Standards Board].
A48: The group audit instructions set forth the procedures that we, the group engagement team, require you, the component auditor, to perform on the financial information of the component for which you are responsible.
A50: (1) Group Information
A51: Group Name | D51: =기본입력!C4 -> ABC Compony
A52: Business operations
A53: Names of related parties
A57: (Others: Significant change in business compared with prior year, etc.)
A62: (2) Audit scoping
A63: Component name | D63: =기본입력!C9 -> GANADA compony
A64: Financial Reporting Framework | D64: □ K-IFRS □ K-GAAP □ Group Accounting Manual □ Others( )
A65: Auditing Standards | D65: □ K-GAAS □ Others( )
A66: Fiscal Year | D66: ="from "&TEXT(기본입력!B10,"mmm d,yyyy")&" to "&TEXT(기본입력!B11,"mmm d,yyyy") -> from Jan 1,2018 to Dec 31,2018
A67: Scope | D67: Audit (*1)
A68: Scope detailed | D68: □ An audit of the reporting package for the group □ An statutory audit of the financial information of the component □ Others( )
A70: Materiality(Korean Won in millions) | D70: Overall Materiality | H70: =기본입력!B12 -> 400
D71: Amount below which misstatements would be clearly trivial | H71: =기본입력!B13 -> 5
A72: Subsequnt Events Review date | D72: =TEXT(기본입력!B14,"mmm d,yyyy") -> Feb 28,2019
A74: (3) Deliverable and due dates
A75: According to above instruction, deliverable and due dates are as follows. Please refer to the attached group audit instructions and the related appendices for details.
A76: Deliverable and Event | J76: Due date | K76: Reference
A77: Acknowledgement of receipt and Independence confirmation | J77: Immediately after receipt | K77: Appendix 1
A78: Questionnaire of audit work for component auditor and result table | J78: [Date] | K78: Appendix 2
A79: Reporting Package prepared by the component(*2) | J79: [Date] | K79: Appendix 3
A80: Independent auditor's report on special purpose financial information prepared for consolidation purposes(*2) | J80: [Date] | K80: Appendix 4
A81: ="Review for Subsequent Events Procedures to "&D72&"(*3)" -> Review for Subsequent Events Procedures to Feb 28,2019(*3) | J81: [Date] | K81: Appendix 5
A83: ※ 작성요령 :
A84: *1. 부문재무제표에 대한 감사 이외에 다음의 절차가 수행될 수 있습니다. 단, 이때는 업무범위에 대한 명확한 서술이 필요합니다.
A85: 특정 계정잔액, 거래유형 또는 공시에 대한 감사 (An audit of one or more account balances, classes of transactions or disclosures)
A86: 특정 감사절차 (Specified procedures)
A87: *2. 감사계획시에 다음을 충족하여 부문감사인의 업무를 부문재무제표에 대한 법정감사로 대체하기로 결정한 경우에는 생략할 수 있습니다.
A88: 그룹재무제표에 대한 감사와 동일한 재무보고체계, 회계감사기준 사용
A89: 그룹감사보고서 일자 이내에 부문감사보고서 완료
A90: 부문재무제표에 대한 감사수행시 중요성 기준이 그룹 중요성기준 충족 (부문중요성은 그룹의 전체 중요성보다 낮아야 한다.)
A91: *3. 후속사건의 검토가 필요한 기간을 지정하여야 합니다. 요청자료 5 참조
A94: [Appendix 1]
A96: Acknowledgement of Receipt and Independence confirmation
A98: To: YY accounting corporation
A99: [Date]
A101: ="This letter is provided in connection with your audit of the group financial statements of "&기본입력!C4&" for the year ended "&TEXT(기본입력!B6,"mmm d,yyyy")&" for the purpose of your expressing an opinion on whether the group financial statements [present fairly, in all material respects OR give a true and fair view of] the financial position of the group as of "&TEXT(기본입력!B6,"mmm d,yyyy")&" and of its financial performance and cash flows for the year then ended in accordance with [indicate applicable financial reporting framework]." -> This letter is provided in connection with your audit of the group financial statements of ABC Compony for the year ended Dec 31,2018 for the purpose of your expressing an opinion on whether the group financial statements [present fairly, in all material respects OR give a true and fair view of] the financial position of the group as of Dec 31,2018 and of its financial performance and cash flows for the year then ended in accordance with [indicate applicable financial reporting framework].
A103: ="We acknowledge receipt of your instructions dated "&TEXT(기본입력!B8,"mmm d,yyyy")&" requesting us to perform the specified work on the financial information of "&기본입력!C9&" for the year ended "&TEXT(기본입력!B11,"mmm d,yyyy")&" which will form part of the audit of the group financial statements of "&기본입력!C4&"." -> We acknowledge receipt of your instructions dated Aug 30,2018 requesting us to perform the specified work on the financial information of GANADA compony for the year ended Dec 31,2018 which will form part of the audit of the group financial statements of ABC Compony.
A105: 1 | B105: We confirm that the instructions are clear and we understand them. We will be able to comply with your instructions.
A106: 2 | B106: ="We acknowledge that the financial information of "&기본입력!C9&" will be included in the group financial statements of "&기본입력!C4&". " -> We acknowledge that the financial information of GANADA compony will be included in the group financial statements of ABC Compony.
A107: 3 | B107: We confirm that we will cooperate with you and provide you with access to relevant audit documentation.
A108: 4 | B108: ="We acknowledge that you may consider it necessary to be involved in the work you have requested us to perform on the financial information of "&기본입력!C9&" for the year ended "&TEXT(기본입력!B11,"mmm d,yyyy")&"." -> We acknowledge that you may consider it necessary to be involved in the work you have requested us to perform on the financial information of GANADA compony for the year ended Dec 31,2018.
A109: 5 | B109: ="We acknowledge that you intend to evaluate and, if considered appropriate, use our work for the audit of the group financial statements of "&기본입력!C4&"." -> We acknowledge that you intend to evaluate and, if considered appropriate, use our work for the audit of the group financial statements of ABC Compony.
A110: 6 | B110: We follow the IESBA Code of Ethics.
A111: 7 | B111: We have an understanding of International Standards on Auditing and [indicate other national standards applicable to the audit of the group financial statements] that is sufficient to fulfill our responsibilities in the audit of the group financial statements and will conduct our work on the financial information of
B112: =기본입력!C9&" for the year ended "&TEXT(기본입력!B11,"mmm d,yyyy")&" in accordance with those standards. " -> GANADA compony for the year ended Dec 31,2018 in accordance with those standards.
A113: 8 | B113: We {have an understanding of [identify applicable financial reporting framework or group accounting manual applicable to group financial statements] that is sufficient to fulfill our responsibilities in the audit of the group financial statements} Or {will report on
B114: =기본입력!C9&"'s compliance with the group accounting manual}." -> GANADA compony's compliance with the group accounting manual}.
A115: ="We will inform you of any changes in the above representations during the course of the work on the financial information of "&기본입력!C9&"." -> We will inform you of any changes in the above representations during the course of the work on the financial information of GANADA compony.
I117: =기본입력!C7 -> XX accounting corporation
I118: Auditor's address
I119: Auditor's signature
I120: Date of the auditors' report
A122: [Appendix 2]
A123: Questionnaire of audit work for component auditor and result table
A125: To: YY accounting corporation
A126: NO. | B126: Question | I126: Review Result
A127: 1 | B127: Compliance with audit instruction
B128: Please let us know you were able to comply with our instructions when you conducted audit procedures for [Name of component]’s financial statements. | I128: □ | J128: Confirmed.
I129: □ | J129: We performed differently as follows;
J130: Provide details
A134: 2 | B134: Materiality
A135: 2-1 | B135: Please let us know the agreed upon materiality levels established on the instruction are to be used for purposes of planning and executing the work we have requested you perform at your component. | I135: □ | J135: Confirmed.
I136: □ | J136: We performed differently as follows;
J137: Provide details
A140: 2-2 | B140: Please let us know if summary of unadjusted misstatement of component’s(or affiliates’) financial statements exceeds amount below which misstatements would be clearly trivial(*), individually or aggregately. | I140: □ | J140: Not Applicable
B141: (*) Refer to General Instruction for the stated amount | I141: □ | J141: Summaries of unadjusted misstatements exceeded certain level are as follows;
B142: Summary of unadjusted misstatements
B143: Description | D143: Dr | F143: Cr
B144: 1 | D144: Account name | E144: Amount | F144: Account name | G144: Amount
B145: 2
B146: 3
A148: 3 | B148: Violation and Indicators Of Management Bias
B149: If you detect or become aware of information indicating that a violation (whether or not perceived to have a material effect on the client's financial statements) has or may have occurred, report the matter to the group engagement team on a timely basis. Also, please let us know if you detect or become aware of information indicating management bias in estimation of accounting estimates. | I149: □ | J149: Not Applicable.
I150: □ | J150: There are violation cases and Indicators Of Management Bias as follows;
...
